{
  "score": {
    "overall": {
      "mae": 19.07481644290901,
      "rmse": 25.489526846013643
    },
    "by_phase": {
      "death": {
        "mae": 13.634951162702617,
        "rmse": 17.53608261735236,
        "rows": 3848
      },
      "middle": {
        "mae": 18.915179629069986,
        "rmse": 24.357924916749397,
        "rows": 8319
      },
      "powerplay": {
        "mae": 22.98980417638792,
        "rmse": 31.045594355917064,
        "rows": 5686
      }
    },
    "by_innings": {
      "1": {
        "mae": 21.502770609092256,
        "rmse": 27.617771808568527,
        "rows": 9422
      },
      "2": {
        "mae": 16.361474709570313,
        "rmse": 22.878054284208797,
        "rows": 8431
      }
    },
    "by_wickets_bucket": {
      "0-2": {
        "mae": 19.07671682968682,
        "rmse": 25.894412247771555,
        "rows": 10174
      },
      "3-5": {
        "mae": 18.036656482978067,
        "rmse": 23.26546382903065,
        "rows": 5855
      },
      "6-10": {
        "mae": 22.396687073565936,
        "rmse": 29.694145845223794,
        "rows": 1824
      }
    },
    "train_rows": 17012,
    "test_rows": 17853,
    "training_time": 13.110776901245117,
    "uncertainty_profile": {
      "residual_q10": -31.037888901168856,
      "residual_q90": 30.384397424672624,
      "residual_std": 25.479778090347327
    },
    "baseline_artifact": "score_model_hgb.pkl",
    "promoted_to_production": false
  },
  "win": {
    "selected_variant": "calibrated",
    "raw": {
      "log_loss": 0.9890214595522308,
      "brier": 0.31768932539589034,
      "accuracy": 0.5620328849028401
    },
    "calibrated": {
      "log_loss": 0.7689825371379837,
      "brier": 0.2832413882666517,
      "accuracy": 0.4125560538116592
    },
    "selected": {
      "log_loss": 0.7689825371379837,
      "brier": 0.2832413882666517,
      "accuracy": 0.4125560538116592
    },
    "by_phase": {
      "death": {
        "log_loss": 0.8085403949691736,
        "brier": 0.3067077331410775,
        "accuracy": 0.2809917355371901,
        "rows": 121
      },
      "middle": {
        "log_loss": 0.7206481186310058,
        "brier": 0.2628157456874181,
        "accuracy": 0.4751552795031056,
        "rows": 322
      },
      "powerplay": {
        "log_loss": 0.8166691829860943,
        "brier": 0.29977957048217235,
        "accuracy": 0.3938053097345133,
        "rows": 226
      }
    },
    "by_innings": {
      "1": {
        "log_loss": 0.7303054574520811,
        "brier": 0.26874158703791406,
        "accuracy": 0.3333333333333333,
        "rows": 375
      },
      "2": {
        "log_loss": 0.8183155469414309,
        "brier": 0.30173603269106186,
        "accuracy": 0.5136054421768708,
        "rows": 294
      }
    },
    "by_wickets_bucket": {
      "0-2": {
        "log_loss": 0.8016011392274824,
        "brier": 0.2960082727635977,
        "accuracy": 0.41688654353562005,
        "rows": 379
      },
      "3-5": {
        "log_loss": 0.7039893556386171,
        "brier": 0.25543610107405723,
        "accuracy": 0.4869109947643979,
        "rows": 191
      },
      "6-10": {
        "log_loss": 0.769500188395146,
        "brier": 0.28801068755395487,
        "accuracy": 0.25252525252525254,
        "rows": 99
      }
    },
    "train_rows": 17012,
    "calib_rows": 16620,
    "test_rows": 669,
    "training_time": 80.56570339202881,
    "baseline_artifact": "win_model_hgb.pkl",
    "promoted_to_production": false
  },
  "training_filter": {
    "rows_before_filter": 278705,
    "rows_after_filter": 35049,
    "min_season_included": 2024,
    "max_season_included": 2026,
    "teams": [
      "Chennai Super Kings",
      "Delhi Capitals",
      "Gujarat Titans",
      "Kolkata Knight Riders",
      "Lucknow Super Giants",
      "Mumbai Indians",
      "Punjab Kings",
      "Rajasthan Royals",
      "Royal Challengers Bengaluru",
      "Sunrisers Hyderabad"
    ]
  },
  "total_training_seconds": 98.20142841339111
}