{
  "score": {
    "overall": {
      "mae": 19.39617102714324,
      "rmse": 25.659677925442512
    },
    "by_phase": {
      "death": {
        "mae": 14.479540300675026,
        "rmse": 18.661621054340202,
        "rows": 3848
      },
      "middle": {
        "mae": 18.961116106229703,
        "rmse": 24.462437569803132,
        "rows": 8319
      },
      "powerplay": {
        "mae": 23.360015016332373,
        "rmse": 30.921156041673264,
        "rows": 5686
      }
    },
    "by_innings": {
      "1": {
        "mae": 21.93474837187434,
        "rmse": 27.704653145948587,
        "rows": 9422
      },
      "2": {
        "mae": 16.559203201018654,
        "rmse": 23.161672712060714,
        "rows": 8431
      }
    },
    "by_wickets_bucket": {
      "0-2": {
        "mae": 19.149663173871375,
        "rmse": 25.766809734192073,
        "rows": 10174
      },
      "3-5": {
        "mae": 18.67990776546467,
        "rmse": 24.007196476710405,
        "rows": 5855
      },
      "6-10": {
        "mae": 23.070344435211226,
        "rmse": 29.85201515048606,
        "rows": 1824
      }
    },
    "train_rows": 17012,
    "test_rows": 17853,
    "training_time": 15.100829601287842,
    "uncertainty_profile": {
      "residual_q10": -33.97440273078692,
      "residual_q90": 29.842844944251762,
      "residual_std": 25.65597533581021
    }
  },
  "win": {
    "selected_variant": "calibrated",
    "raw": {
      "log_loss": 1.063018788721149,
      "brier": 0.3266135287425588,
      "accuracy": 0.5919282511210763
    },
    "calibrated": {
      "log_loss": 0.8263676620779201,
      "brier": 0.3114773398882977,
      "accuracy": 0.3572496263079223
    },
    "selected": {
      "log_loss": 0.8263676620779201,
      "brier": 0.3114773398882977,
      "accuracy": 0.3572496263079223
    },
    "by_phase": {
      "death": {
        "log_loss": 0.8857862079452007,
        "brier": 0.3435872895305895,
        "accuracy": 0.1487603305785124,
        "rows": 121
      },
      "middle": {
        "log_loss": 0.8019215956294162,
        "brier": 0.3007302162233008,
        "accuracy": 0.39751552795031053,
        "rows": 322
      },
      "powerplay": {
        "log_loss": 0.8293853140534831,
        "brier": 0.3095980032219776,
        "accuracy": 0.41150442477876104,
        "rows": 226
      }
    },
    "by_innings": {
      "1": {
        "log_loss": 0.7982911360304021,
        "brier": 0.3018272421785917,
        "accuracy": 0.3333333333333333,
        "rows": 375
      },
      "2": {
        "log_loss": 0.862179557546693,
        "brier": 0.3237861379874124,
        "accuracy": 0.3877551020408163,
        "rows": 294
      }
    },
    "by_wickets_bucket": {
      "0-2": {
        "log_loss": 0.8424280111423951,
        "brier": 0.31663592525016493,
        "accuracy": 0.36147757255936674,
        "rows": 379
      },
      "3-5": {
        "log_loss": 0.7822453134299201,
        "brier": 0.29295874555409435,
        "accuracy": 0.4816753926701571,
        "rows": 191
      },
      "6-10": {
        "log_loss": 0.8500090388085453,
        "brier": 0.3274566092386525,
        "accuracy": 0.10101010101010101,
        "rows": 99
      }
    },
    "train_rows": 17012,
    "calib_rows": 16620,
    "test_rows": 669,
    "training_time": 93.48824167251587
  },
  "training_filter": {
    "rows_before_filter": 278705,
    "rows_after_filter": 35049,
    "min_season_included": 2024,
    "max_season_included": 2026,
    "teams": [
      "Chennai Super Kings",
      "Delhi Capitals",
      "Gujarat Titans",
      "Kolkata Knight Riders",
      "Lucknow Super Giants",
      "Mumbai Indians",
      "Punjab Kings",
      "Rajasthan Royals",
      "Royal Challengers Bengaluru",
      "Sunrisers Hyderabad"
    ]
  },
  "total_training_seconds": 114.38126158714294
}