{
  "created_at": "2026-04-15T15:06:21.722756+00:00",
  "source": "data/processed/ipl_features.csv",
  "features": {
    "runs": {
      "mean": 77.43482969506498,
      "std": 50.13182888543549,
      "p50": 73.0,
      "p90": 147.0,
      "rows": 282552
    },
    "wickets": {
      "mean": 2.4643428466264616,
      "std": 2.104056383552505,
      "p50": 2.0,
      "p90": 5.0,
      "rows": 282552
    },
    "balls_left": {
      "mean": 61.36886661570259,
      "std": 34.098120872616065,
      "p50": 62.0,
      "p90": 108.0,
      "rows": 282552
    },
    "current_run_rate": {
      "mean": 7.694890898392643,
      "std": 2.450399846101378,
      "p50": 7.684210526315789,
      "p90": 10.285714285714286,
      "rows": 282552
    },
    "required_minus_current_rr": {
      "mean": 3.0029958504526273,
      "std": 13.609075574655769,
      "p50": 1.562535693889206,
      "p90": 8.100000000000001,
      "rows": 136061
    },
    "dew_risk": {
      "mean": 0.5,
      "std": 1.0,
      "p50": 0.5,
      "p90": 0.5,
      "rows": 282552
    },
    "runs_vs_par": {
      "mean": 3.6057782115720776,
      "std": 24.754461779069167,
      "p50": 0.0115780445969075,
      "p90": 28.785636833046468,
      "rows": 282552
    }
  },
  "slice_rates": {
    "death_over": 0.2271227950961239,
    "high_pressure_chase": 0.10607251054673122
  }
}