{
  "residual_q10": -22.663832092285155,
  "residual_q90": 34.71642303466797,
  "residual_std": 24.48698184201518,
  "source": "best_model_search:all_active_history:xgboost_gpu"
}