{
  "residual_q10": -33.97440273078692,
  "residual_q90": 29.842844944251762,
  "residual_std": 25.65597533581021
}