{
  "residual_q10": -19.26205444335937,
  "residual_q90": 27.762817382812496,
  "residual_std": 21.29989699218211,
  "source": "best_model_search:all_active_history:xgboost_gpu"
}